"sample_id","series","title","characteristics","day_estimate","condition"
"GSM3767957","GSE131236","Sample 1_I025","cell line source: iPSC line 1 | cell type: iPSC-cardiomyocytes (iPSC-CMs) | culture period: Day 30",30,"Maturing"
"GSM3767958","GSE131236","Sample 2_I026","cell line source: iPSC line 2 | cell type: iPSC-cardiomyocytes (iPSC-CMs) | culture period: Day 30",30,"Maturing"
"GSM3767959","GSE131236","Sample 3_I027","cell line source: iPSC line 1 | cell type: iPSC-cardiomyocytes (iPSC-CMs) | culture period: Day 90",90,"Maturing"
"GSM3767960","GSE131236","Sample 4_I028","cell line source: iPSC line 2 | cell type: iPSC-cardiomyocytes (iPSC-CMs) | culture period: Day 90",90,"Maturing"
"GSM3273196","GSE117192","H20682_A","cell line: H20682,Sex: Female,population: Caucasian,treatment: normoxia",60,"Maturing"
"GSM3273197","GSE117192","H20682_B","cell line: H20682,Sex: Female,population: Caucasian,treatment: hypoxia",60,"Maturing"
"GSM3273198","GSE117192","H20682_C","cell line: H20682,Sex: Female,population: Caucasian,treatment: re-oxygenation1",60,"Maturing"
"GSM3273199","GSE117192","H20682_D","cell line: H20682,Sex: Female,population: Caucasian,treatment: re-oxygenation2",60,"Maturing"
"GSM3273200","GSE117192","H20961_A","cell line: H20961,Sex: Male,population: Caucasian,treatment: normoxia",60,"Maturing"
"GSM3273201","GSE117192","H20961_B","cell line: H20961,Sex: Male,population: Caucasian,treatment: hypoxia",60,"Maturing"
"GSM3273202","GSE117192","H20961_C","cell line: H20961,Sex: Male,population: Caucasian,treatment: re-oxygenation1",60,"Maturing"
"GSM3273203","GSE117192","H20961_D","cell line: H20961,Sex: Male,population: Caucasian,treatment: re-oxygenation2",60,"Maturing"
"GSM3273204","GSE117192","H21792_A","cell line: H21792,Sex: Female,population: Caucasian,treatment: normoxia",60,"Maturing"
"GSM3273205","GSE117192","H21792_B","cell line: H21792,Sex: Female,population: Caucasian,treatment: hypoxia",60,"Maturing"
"GSM3273206","GSE117192","H21792_C","cell line: H21792,Sex: Female,population: Caucasian,treatment: re-oxygenation1",60,"Maturing"
"GSM3273207","GSE117192","H21792_D","cell line: H21792,Sex: Female,population: Caucasian,treatment: re-oxygenation2",60,"Maturing"
"GSM3273208","GSE117192","H21792R_A","cell line: H21792,Sex: Female,population: Caucasian,treatment: normoxia",60,"Maturing"
"GSM3273209","GSE117192","H21792R_B","cell line: H21792,Sex: Female,population: Caucasian,treatment: hypoxia",60,"Maturing"
"GSM3273210","GSE117192","H21792R_C","cell line: H21792,Sex: Female,population: Caucasian,treatment: re-oxygenation1",60,"Maturing"
"GSM3273211","GSE117192","H21792R_D","cell line: H21792,Sex: Female,population: Caucasian,treatment: re-oxygenation2",60,"Maturing"
"GSM3273212","GSE117192","H22422_A","cell line: H22422,Sex: Female,population: Caucasian,treatment: normoxia",60,"Maturing"
"GSM3273213","GSE117192","H22422_B","cell line: H22422,Sex: Female,population: Caucasian,treatment: hypoxia",60,"Maturing"
"GSM3273214","GSE117192","H22422_C","cell line: H22422,Sex: Female,population: Caucasian,treatment: re-oxygenation1",60,"Maturing"
"GSM3273215","GSE117192","H22422_D","cell line: H22422,Sex: Female,population: Caucasian,treatment: re-oxygenation2",60,"Maturing"
"GSM3273216","GSE117192","H24280_A","cell line: H24280,Sex: Female,population: Caucasian,treatment: normoxia",60,"Maturing"
"GSM3273217","GSE117192","H24280_B","cell line: H24280,Sex: Female,population: Caucasian,treatment: hypoxia",60,"Maturing"
"GSM3273218","GSE117192","H24280_C","cell line: H24280,Sex: Female,population: Caucasian,treatment: re-oxygenation1",60,"Maturing"
"GSM3273219","GSE117192","H24280_D","cell line: H24280,Sex: Female,population: Caucasian,treatment: re-oxygenation2",60,"Maturing"
"GSM3273220","GSE117192","H25237_A","cell line: H25237,Sex: Female,population: Caucasian,treatment: normoxia",60,"Maturing"
"GSM3273221","GSE117192","H25237_B","cell line: H25237,Sex: Female,population: Caucasian,treatment: hypoxia",60,"Maturing"
"GSM3273222","GSE117192","H25237_C","cell line: H25237,Sex: Female,population: Caucasian,treatment: re-oxygenation1",60,"Maturing"
"GSM3273223","GSE117192","H25237_D","cell line: H25237,Sex: Female,population: Caucasian,treatment: re-oxygenation2",60,"Maturing"
"GSM3273224","GSE117192","H25237R_A","cell line: H25237,Sex: Female,population: Caucasian,treatment: normoxia",60,"Maturing"
"GSM3273225","GSE117192","H25237R_B","cell line: H25237,Sex: Female,population: Caucasian,treatment: hypoxia",60,"Maturing"
"GSM3273226","GSE117192","H25237R_C","cell line: H25237,Sex: Female,population: Caucasian,treatment: re-oxygenation1",60,"Maturing"
"GSM3273227","GSE117192","H25237R_D","cell line: H25237,Sex: Female,population: Caucasian,treatment: re-oxygenation2",60,"Maturing"
"GSM3273228","GSE117192","H28126_A","cell line: H28126,Sex: Male,population: Caucasian,treatment: normoxia",60,"Maturing"
"GSM3273229","GSE117192","H28126_B","cell line: H28126,Sex: Male,population: Caucasian,treatment: hypoxia",60,"Maturing"
"GSM3273230","GSE117192","H28126_C","cell line: H28126,Sex: Male,population: Caucasian,treatment: re-oxygenation1",60,"Maturing"
"GSM3273231","GSE117192","H28126_D","cell line: H28126,Sex: Male,population: Caucasian,treatment: re-oxygenation2",60,"Maturing"
"GSM3273232","GSE117192","H28815_A","cell line: H28815,Sex: Male,population: Caucasian,treatment: normoxia",60,"Maturing"
"GSM3273233","GSE117192","H28815_B","cell line: H28815,Sex: Male,population: Caucasian,treatment: hypoxia",60,"Maturing"
"GSM3273234","GSE117192","H28815_C","cell line: H28815,Sex: Male,population: Caucasian,treatment: re-oxygenation1",60,"Maturing"
"GSM3273235","GSE117192","H28815_D","cell line: H28815,Sex: Male,population: Caucasian,treatment: re-oxygenation2",60,"Maturing"
"GSM3273236","GSE117192","H28815R_A","cell line: H28815,Sex: Male,population: Caucasian,treatment: normoxia",60,"Maturing"
"GSM3273237","GSE117192","H28815R_B","cell line: H28815,Sex: Male,population: Caucasian,treatment: hypoxia",60,"Maturing"
"GSM3273238","GSE117192","H28815R_C","cell line: H28815,Sex: Male,population: Caucasian,treatment: re-oxygenation1",60,"Maturing"
"GSM3273239","GSE117192","H28815R_D","cell line: H28815,Sex: Male,population: Caucasian,treatment: re-oxygenation2",60,"Maturing"
"GSM2343662","GTEx","total RNA-seq from heart left ventricle (ENCLB273VNM)","tissue_type: heart left ventricle,biomaterial_type: tissue,description: Heart (left ventricle) tissue from received by the Gingeras lab to do RNA-Seq assay on from GTEx.,biosample encode accession: ENCBS323ATG (SAMN05897087),age: 53 year,dev stage: adult,donor_id: ENCDO793LXB,Sex: female,lab: Thomas Gingeras, CSHL,link: ENCBS323ATG at ENCODE; https://www.encodeproject.org/ENCBS323ATG/,link: Derived from ENCODE donor ENCDO793LXB; https://www.encodeproject.org/ENCDO793LXB/",999,"Adult"
"GSM2343702","GTEx","total RNA-seq from heart left ventricle (ENCLB327BGU)","tissue_type: heart left ventricle,biomaterial_type: tissue,description: Heart (left ventricle) tissue from received by the Gingeras lab to do RNA-Seq assay on from GTEx.,biosample encode accession: ENCBS038PFI (SAMN05896802),age: 51 year,dev stage: adult,donor_id: ENCDO271OUW,Sex: female,lab: Thomas Gingeras, CSHL,link: ENCBS038PFI at ENCODE; https://www.encodeproject.org/ENCBS038PFI/,link: Derived from ENCODE donor ENCDO271OUW; https://www.encodeproject.org/ENCDO271OUW/",999,"Adult"
"GSM2343722","GTEx","total RNA-seq from right atrium auricular region (ENCLB789RBC)","tissue_type: right atrium auricular region,biomaterial_type: tissue,description: Atrial appendage tissue from received by the Gingeras lab to do RNA-Seq assay on from GTEx.,biosample encode accession: ENCBS269BVG (SAMN05897036),age: 51 year,dev stage: adult,donor_id: ENCDO271OUW,Sex: female,lab: Thomas Gingeras, CSHL,link: ENCBS269BVG at ENCODE; https://www.encodeproject.org/ENCBS269BVG/,link: Derived from ENCODE donor ENCDO271OUW; https://www.encodeproject.org/ENCDO271OUW/",999,"Adult"
"GSM2343865","GTEx","total RNA-seq from right atrium auricular region (ENCLB471FWT)","tissue_type: right atrium auricular region,biomaterial_type: tissue,description: Atrial appendage tissue from received by the Gingeras lab to do RNA-Seq assay on from GTEx.,biosample encode accession: ENCBS357SRJ (SAMN05897119),age: 53 year,dev stage: adult,donor_id: ENCDO793LXB,Sex: female,lab: Thomas Gingeras, CSHL,link: ENCBS357SRJ at ENCODE; https://www.encodeproject.org/ENCBS357SRJ/,link: Derived from ENCODE donor ENCDO793LXB; https://www.encodeproject.org/ENCDO793LXB/",999,"Adult"
"GSM3465274","GSE122380","18489_0","individual: 18489,time: differentiation day 0,cell type: iPSCs",0,"Embryonic"
"GSM3465275","GSE122380","18489_10","individual: 18489,time: differentiation day 10,cell type: differentiating iPSC-derived cardiomyocytes",10,"Embryonic"
"GSM3465276","GSE122380","18489_11","individual: 18489,time: differentiation day 11,cell type: differentiating iPSC-derived cardiomyocytes",11,"Embryonic"
"GSM3465277","GSE122380","18489_12","individual: 18489,time: differentiation day 12,cell type: differentiating iPSC-derived cardiomyocytes",12,"Embryonic"
"GSM3465278","GSE122380","18489_13","individual: 18489,time: differentiation day 13,cell type: differentiating iPSC-derived cardiomyocytes",13,"Embryonic"
"GSM3465279","GSE122380","18489_14","individual: 18489,time: differentiation day 14,cell type: differentiating iPSC-derived cardiomyocytes",14,"Embryonic"
"GSM3465280","GSE122380","18489_15","individual: 18489,time: differentiation day 15,cell type: differentiating iPSC-derived cardiomyocytes",15,"Embryonic"
"GSM3465281","GSE122380","18489_1","individual: 18489,time: differentiation day 1,cell type: differentiating iPSC-derived cardiomyocytes",1,"Embryonic"
"GSM3465282","GSE122380","18489_2","individual: 18489,time: differentiation day 2,cell type: differentiating iPSC-derived cardiomyocytes",2,"Embryonic"
"GSM3465283","GSE122380","18489_3","individual: 18489,time: differentiation day 3,cell type: differentiating iPSC-derived cardiomyocytes",3,"Embryonic"
"GSM3465284","GSE122380","18489_4","individual: 18489,time: differentiation day 4,cell type: differentiating iPSC-derived cardiomyocytes",4,"Embryonic"
"GSM3465285","GSE122380","18489_5","individual: 18489,time: differentiation day 5,cell type: differentiating iPSC-derived cardiomyocytes",5,"Embryonic"
"GSM3465286","GSE122380","18489_6","individual: 18489,time: differentiation day 6,cell type: differentiating iPSC-derived cardiomyocytes",6,"Embryonic"
"GSM3465287","GSE122380","18489_7","individual: 18489,time: differentiation day 7,cell type: differentiating iPSC-derived cardiomyocytes",7,"Embryonic"
"GSM3465288","GSE122380","18489_8","individual: 18489,time: differentiation day 8,cell type: differentiating iPSC-derived cardiomyocytes",8,"Embryonic"
"GSM3465289","GSE122380","18489_9","individual: 18489,time: differentiation day 9,cell type: differentiating iPSC-derived cardiomyocytes",9,"Embryonic"
"GSM3465290","GSE122380","18499_0","individual: 18499,time: differentiation day 0,cell type: iPSCs",0,"Embryonic"
"GSM3465291","GSE122380","18499_10","individual: 18499,time: differentiation day 10,cell type: differentiating iPSC-derived cardiomyocytes",10,"Embryonic"
"GSM3465292","GSE122380","18499_11","individual: 18499,time: differentiation day 11,cell type: differentiating iPSC-derived cardiomyocytes",11,"Embryonic"
"GSM3465293","GSE122380","18499_12","individual: 18499,time: differentiation day 12,cell type: differentiating iPSC-derived cardiomyocytes",12,"Embryonic"
"GSM3465294","GSE122380","18499_13","individual: 18499,time: differentiation day 13,cell type: differentiating iPSC-derived cardiomyocytes",13,"Embryonic"
"GSM3465295","GSE122380","18499_14","individual: 18499,time: differentiation day 14,cell type: differentiating iPSC-derived cardiomyocytes",14,"Embryonic"
"GSM3465296","GSE122380","18499_15","individual: 18499,time: differentiation day 15,cell type: differentiating iPSC-derived cardiomyocytes",15,"Embryonic"
"GSM3465297","GSE122380","18499_1","individual: 18499,time: differentiation day 1,cell type: differentiating iPSC-derived cardiomyocytes",1,"Embryonic"
"GSM3465298","GSE122380","18499_2","individual: 18499,time: differentiation day 2,cell type: differentiating iPSC-derived cardiomyocytes",2,"Embryonic"
"GSM3465299","GSE122380","18499_3","individual: 18499,time: differentiation day 3,cell type: differentiating iPSC-derived cardiomyocytes",3,"Embryonic"
"GSM3465300","GSE122380","18499_4","individual: 18499,time: differentiation day 4,cell type: differentiating iPSC-derived cardiomyocytes",4,"Embryonic"
"GSM3465301","GSE122380","18499_5","individual: 18499,time: differentiation day 5,cell type: differentiating iPSC-derived cardiomyocytes",5,"Embryonic"
"GSM3465302","GSE122380","18499_6","individual: 18499,time: differentiation day 6,cell type: differentiating iPSC-derived cardiomyocytes",6,"Embryonic"
"GSM3465303","GSE122380","18499_7","individual: 18499,time: differentiation day 7,cell type: differentiating iPSC-derived cardiomyocytes",7,"Embryonic"
"GSM3465304","GSE122380","18499_8","individual: 18499,time: differentiation day 8,cell type: differentiating iPSC-derived cardiomyocytes",8,"Embryonic"
"GSM3465305","GSE122380","18499_9","individual: 18499,time: differentiation day 9,cell type: differentiating iPSC-derived cardiomyocytes",9,"Embryonic"
"GSM3465306","GSE122380","18505_0","individual: 18505,time: differentiation day 0,cell type: iPSCs",0,"Embryonic"
"GSM3465307","GSE122380","18505_10","individual: 18505,time: differentiation day 10,cell type: differentiating iPSC-derived cardiomyocytes",10,"Embryonic"
"GSM3465308","GSE122380","18505_11","individual: 18505,time: differentiation day 11,cell type: differentiating iPSC-derived cardiomyocytes",11,"Embryonic"
"GSM3465309","GSE122380","18505_12","individual: 18505,time: differentiation day 12,cell type: differentiating iPSC-derived cardiomyocytes",12,"Embryonic"
"GSM3465310","GSE122380","18505_13","individual: 18505,time: differentiation day 13,cell type: differentiating iPSC-derived cardiomyocytes",13,"Embryonic"
"GSM3465311","GSE122380","18505_14","individual: 18505,time: differentiation day 14,cell type: differentiating iPSC-derived cardiomyocytes",14,"Embryonic"
"GSM3465312","GSE122380","18505_15","individual: 18505,time: differentiation day 15,cell type: differentiating iPSC-derived cardiomyocytes",15,"Embryonic"
"GSM3465313","GSE122380","18505_1","individual: 18505,time: differentiation day 1,cell type: differentiating iPSC-derived cardiomyocytes",1,"Embryonic"
"GSM3465314","GSE122380","18505_2","individual: 18505,time: differentiation day 2,cell type: differentiating iPSC-derived cardiomyocytes",2,"Embryonic"
"GSM3465315","GSE122380","18505_3","individual: 18505,time: differentiation day 3,cell type: differentiating iPSC-derived cardiomyocytes",3,"Embryonic"
"GSM3465316","GSE122380","18505_4","individual: 18505,time: differentiation day 4,cell type: differentiating iPSC-derived cardiomyocytes",4,"Embryonic"
"GSM3465317","GSE122380","18505_5","individual: 18505,time: differentiation day 5,cell type: differentiating iPSC-derived cardiomyocytes",5,"Embryonic"
"GSM3465318","GSE122380","18505_6","individual: 18505,time: differentiation day 6,cell type: differentiating iPSC-derived cardiomyocytes",6,"Embryonic"
"GSM3465319","GSE122380","18505_7","individual: 18505,time: differentiation day 7,cell type: differentiating iPSC-derived cardiomyocytes",7,"Embryonic"
"GSM3465320","GSE122380","18505_8","individual: 18505,time: differentiation day 8,cell type: differentiating iPSC-derived cardiomyocytes",8,"Embryonic"
"GSM3465321","GSE122380","18505_9","individual: 18505,time: differentiation day 9,cell type: differentiating iPSC-derived cardiomyocytes",9,"Embryonic"
"GSM3465322","GSE122380","18508_0","individual: 18508,time: differentiation day 0,cell type: iPSCs",0,"Embryonic"
"GSM3465323","GSE122380","18508_10","individual: 18508,time: differentiation day 10,cell type: differentiating iPSC-derived cardiomyocytes",10,"Embryonic"
"GSM3465324","GSE122380","18508_11","individual: 18508,time: differentiation day 11,cell type: differentiating iPSC-derived cardiomyocytes",11,"Embryonic"
"GSM3465325","GSE122380","18508_12","individual: 18508,time: differentiation day 12,cell type: differentiating iPSC-derived cardiomyocytes",12,"Embryonic"
"GSM3465326","GSE122380","18508_13","individual: 18508,time: differentiation day 13,cell type: differentiating iPSC-derived cardiomyocytes",13,"Embryonic"
"GSM3465327","GSE122380","18508_14","individual: 18508,time: differentiation day 14,cell type: differentiating iPSC-derived cardiomyocytes",14,"Embryonic"
"GSM3465328","GSE122380","18508_15","individual: 18508,time: differentiation day 15,cell type: differentiating iPSC-derived cardiomyocytes",15,"Embryonic"
"GSM3465329","GSE122380","18508_1","individual: 18508,time: differentiation day 1,cell type: differentiating iPSC-derived cardiomyocytes",1,"Embryonic"
"GSM3465330","GSE122380","18508_2","individual: 18508,time: differentiation day 2,cell type: differentiating iPSC-derived cardiomyocytes",2,"Embryonic"
"GSM3465331","GSE122380","18508_3","individual: 18508,time: differentiation day 3,cell type: differentiating iPSC-derived cardiomyocytes",3,"Embryonic"
"GSM3465332","GSE122380","18508_4","individual: 18508,time: differentiation day 4,cell type: differentiating iPSC-derived cardiomyocytes",4,"Embryonic"
"GSM3465333","GSE122380","18508_5","individual: 18508,time: differentiation day 5,cell type: differentiating iPSC-derived cardiomyocytes",5,"Embryonic"
"GSM3465334","GSE122380","18508_6","individual: 18508,time: differentiation day 6,cell type: differentiating iPSC-derived cardiomyocytes",6,"Embryonic"
"GSM3465335","GSE122380","18508_7","individual: 18508,time: differentiation day 7,cell type: differentiating iPSC-derived cardiomyocytes",7,"Embryonic"
"GSM3465336","GSE122380","18508_8","individual: 18508,time: differentiation day 8,cell type: differentiating iPSC-derived cardiomyocytes",8,"Embryonic"
"GSM3465337","GSE122380","18508_9","individual: 18508,time: differentiation day 9,cell type: differentiating iPSC-derived cardiomyocytes",9,"Embryonic"
"GSM3465338","GSE122380","18511_0","individual: 18511,time: differentiation day 0,cell type: iPSCs",0,"Embryonic"
"GSM3465339","GSE122380","18511_10","individual: 18511,time: differentiation day 10,cell type: differentiating iPSC-derived cardiomyocytes",10,"Embryonic"
"GSM3465340","GSE122380","18511_11","individual: 18511,time: differentiation day 11,cell type: differentiating iPSC-derived cardiomyocytes",11,"Embryonic"
"GSM3465341","GSE122380","18511_12","individual: 18511,time: differentiation day 12,cell type: differentiating iPSC-derived cardiomyocytes",12,"Embryonic"
"GSM3465342","GSE122380","18511_13","individual: 18511,time: differentiation day 13,cell type: differentiating iPSC-derived cardiomyocytes",13,"Embryonic"
"GSM3465343","GSE122380","18511_14","individual: 18511,time: differentiation day 14,cell type: differentiating iPSC-derived cardiomyocytes",14,"Embryonic"
"GSM3465344","GSE122380","18511_15","individual: 18511,time: differentiation day 15,cell type: differentiating iPSC-derived cardiomyocytes",15,"Embryonic"
"GSM3465345","GSE122380","18511_1","individual: 18511,time: differentiation day 1,cell type: differentiating iPSC-derived cardiomyocytes",1,"Embryonic"
"GSM3465346","GSE122380","18511_2","individual: 18511,time: differentiation day 2,cell type: differentiating iPSC-derived cardiomyocytes",2,"Embryonic"
"GSM3465347","GSE122380","18511_3","individual: 18511,time: differentiation day 3,cell type: differentiating iPSC-derived cardiomyocytes",3,"Embryonic"
"GSM3465348","GSE122380","18511_4","individual: 18511,time: differentiation day 4,cell type: differentiating iPSC-derived cardiomyocytes",4,"Embryonic"
"GSM3465349","GSE122380","18511_5","individual: 18511,time: differentiation day 5,cell type: differentiating iPSC-derived cardiomyocytes",5,"Embryonic"
"GSM3465350","GSE122380","18511_6","individual: 18511,time: differentiation day 6,cell type: differentiating iPSC-derived cardiomyocytes",6,"Embryonic"
"GSM3465351","GSE122380","18511_7","individual: 18511,time: differentiation day 7,cell type: differentiating iPSC-derived cardiomyocytes",7,"Embryonic"
"GSM3465352","GSE122380","18511_8","individual: 18511,time: differentiation day 8,cell type: differentiating iPSC-derived cardiomyocytes",8,"Embryonic"
"GSM3465353","GSE122380","18511_9","individual: 18511,time: differentiation day 9,cell type: differentiating iPSC-derived cardiomyocytes",9,"Embryonic"
"GSM3465354","GSE122380","18517_0","individual: 18517,time: differentiation day 0,cell type: iPSCs",0,"Embryonic"
"GSM3465355","GSE122380","18517_10","individual: 18517,time: differentiation day 10,cell type: differentiating iPSC-derived cardiomyocytes",10,"Embryonic"
"GSM3465356","GSE122380","18517_11","individual: 18517,time: differentiation day 11,cell type: differentiating iPSC-derived cardiomyocytes",11,"Embryonic"
"GSM3465357","GSE122380","18517_12","individual: 18517,time: differentiation day 12,cell type: differentiating iPSC-derived cardiomyocytes",12,"Embryonic"
"GSM3465358","GSE122380","18517_13","individual: 18517,time: differentiation day 13,cell type: differentiating iPSC-derived cardiomyocytes",13,"Embryonic"
"GSM3465359","GSE122380","18517_14","individual: 18517,time: differentiation day 14,cell type: differentiating iPSC-derived cardiomyocytes",14,"Embryonic"
"GSM3465360","GSE122380","18517_15","individual: 18517,time: differentiation day 15,cell type: differentiating iPSC-derived cardiomyocytes",15,"Embryonic"
"GSM3465361","GSE122380","18517_1","individual: 18517,time: differentiation day 1,cell type: differentiating iPSC-derived cardiomyocytes",1,"Embryonic"
"GSM3465362","GSE122380","18517_2","individual: 18517,time: differentiation day 2,cell type: differentiating iPSC-derived cardiomyocytes",2,"Embryonic"
"GSM3465363","GSE122380","18517_3","individual: 18517,time: differentiation day 3,cell type: differentiating iPSC-derived cardiomyocytes",3,"Embryonic"
"GSM3465364","GSE122380","18517_4","individual: 18517,time: differentiation day 4,cell type: differentiating iPSC-derived cardiomyocytes",4,"Embryonic"
"GSM3465365","GSE122380","18517_5","individual: 18517,time: differentiation day 5,cell type: differentiating iPSC-derived cardiomyocytes",5,"Embryonic"
"GSM3465366","GSE122380","18517_6","individual: 18517,time: differentiation day 6,cell type: differentiating iPSC-derived cardiomyocytes",6,"Embryonic"
"GSM3465367","GSE122380","18517_7","individual: 18517,time: differentiation day 7,cell type: differentiating iPSC-derived cardiomyocytes",7,"Embryonic"
"GSM3465368","GSE122380","18517_8","individual: 18517,time: differentiation day 8,cell type: differentiating iPSC-derived cardiomyocytes",8,"Embryonic"
"GSM3465369","GSE122380","18517_9","individual: 18517,time: differentiation day 9,cell type: differentiating iPSC-derived cardiomyocytes",9,"Embryonic"
"GSM3465370","GSE122380","18520_0","individual: 18520,time: differentiation day 0,cell type: iPSCs",0,"Embryonic"
"GSM3465371","GSE122380","18520_10","individual: 18520,time: differentiation day 10,cell type: differentiating iPSC-derived cardiomyocytes",10,"Embryonic"
"GSM3465372","GSE122380","18520_11","individual: 18520,time: differentiation day 11,cell type: differentiating iPSC-derived cardiomyocytes",11,"Embryonic"
"GSM3465373","GSE122380","18520_12","individual: 18520,time: differentiation day 12,cell type: differentiating iPSC-derived cardiomyocytes",12,"Embryonic"
"GSM3465374","GSE122380","18520_13","individual: 18520,time: differentiation day 13,cell type: differentiating iPSC-derived cardiomyocytes",13,"Embryonic"
"GSM3465375","GSE122380","18520_14","individual: 18520,time: differentiation day 14,cell type: differentiating iPSC-derived cardiomyocytes",14,"Embryonic"
"GSM3465376","GSE122380","18520_15","individual: 18520,time: differentiation day 15,cell type: differentiating iPSC-derived cardiomyocytes",15,"Embryonic"
"GSM3465377","GSE122380","18520_1","individual: 18520,time: differentiation day 1,cell type: differentiating iPSC-derived cardiomyocytes",1,"Embryonic"
"GSM3465378","GSE122380","18520_3","individual: 18520,time: differentiation day 3,cell type: differentiating iPSC-derived cardiomyocytes",3,"Embryonic"
"GSM3465379","GSE122380","18520_4","individual: 18520,time: differentiation day 4,cell type: differentiating iPSC-derived cardiomyocytes",4,"Embryonic"
"GSM3465380","GSE122380","18520_5","individual: 18520,time: differentiation day 5,cell type: differentiating iPSC-derived cardiomyocytes",5,"Embryonic"
"GSM3465381","GSE122380","18520_6","individual: 18520,time: differentiation day 6,cell type: differentiating iPSC-derived cardiomyocytes",6,"Embryonic"
"GSM3465382","GSE122380","18520_7","individual: 18520,time: differentiation day 7,cell type: differentiating iPSC-derived cardiomyocytes",7,"Embryonic"
"GSM3465383","GSE122380","18520_8","individual: 18520,time: differentiation day 8,cell type: differentiating iPSC-derived cardiomyocytes",8,"Embryonic"
"GSM3465384","GSE122380","18520_9","individual: 18520,time: differentiation day 9,cell type: differentiating iPSC-derived cardiomyocytes",9,"Embryonic"
"GSM3465385","GSE122380","18855_0","individual: 18855,time: differentiation day 0,cell type: iPSCs",0,"Embryonic"
"GSM3465386","GSE122380","18855_10","individual: 18855,time: differentiation day 10,cell type: differentiating iPSC-derived cardiomyocytes",10,"Embryonic"
"GSM3465387","GSE122380","18855_11","individual: 18855,time: differentiation day 11,cell type: differentiating iPSC-derived cardiomyocytes",11,"Embryonic"
"GSM3465388","GSE122380","18855_12","individual: 18855,time: differentiation day 12,cell type: differentiating iPSC-derived cardiomyocytes",12,"Embryonic"
"GSM3465389","GSE122380","18855_13","individual: 18855,time: differentiation day 13,cell type: differentiating iPSC-derived cardiomyocytes",13,"Embryonic"
"GSM3465390","GSE122380","18855_14","individual: 18855,time: differentiation day 14,cell type: differentiating iPSC-derived cardiomyocytes",14,"Embryonic"
"GSM3465391","GSE122380","18855_15","individual: 18855,time: differentiation day 15,cell type: differentiating iPSC-derived cardiomyocytes",15,"Embryonic"
"GSM3465392","GSE122380","18855_1","individual: 18855,time: differentiation day 1,cell type: differentiating iPSC-derived cardiomyocytes",1,"Embryonic"
"GSM3465393","GSE122380","18855_3","individual: 18855,time: differentiation day 3,cell type: differentiating iPSC-derived cardiomyocytes",3,"Embryonic"
"GSM3465394","GSE122380","18855_4","individual: 18855,time: differentiation day 4,cell type: differentiating iPSC-derived cardiomyocytes",4,"Embryonic"
"GSM3465395","GSE122380","18855_5","individual: 18855,time: differentiation day 5,cell type: differentiating iPSC-derived cardiomyocytes",5,"Embryonic"
"GSM3465396","GSE122380","18855_6","individual: 18855,time: differentiation day 6,cell type: differentiating iPSC-derived cardiomyocytes",6,"Embryonic"
"GSM3465397","GSE122380","18855_7","individual: 18855,time: differentiation day 7,cell type: differentiating iPSC-derived cardiomyocytes",7,"Embryonic"
"GSM3465398","GSE122380","18855_8","individual: 18855,time: differentiation day 8,cell type: differentiating iPSC-derived cardiomyocytes",8,"Embryonic"
"GSM3465399","GSE122380","18855_9","individual: 18855,time: differentiation day 9,cell type: differentiating iPSC-derived cardiomyocytes",9,"Embryonic"
"GSM3465400","GSE122380","18858_0","individual: 18858,time: differentiation day 0,cell type: iPSCs",0,"Embryonic"
"GSM3465401","GSE122380","18858_10","individual: 18858,time: differentiation day 10,cell type: differentiating iPSC-derived cardiomyocytes",10,"Embryonic"
"GSM3465402","GSE122380","18858_11","individual: 18858,time: differentiation day 11,cell type: differentiating iPSC-derived cardiomyocytes",11,"Embryonic"
"GSM3465403","GSE122380","18858_12","individual: 18858,time: differentiation day 12,cell type: differentiating iPSC-derived cardiomyocytes",12,"Embryonic"
"GSM3465404","GSE122380","18858_13","individual: 18858,time: differentiation day 13,cell type: differentiating iPSC-derived cardiomyocytes",13,"Embryonic"
"GSM3465405","GSE122380","18858_14","individual: 18858,time: differentiation day 14,cell type: differentiating iPSC-derived cardiomyocytes",14,"Embryonic"
"GSM3465406","GSE122380","18858_15","individual: 18858,time: differentiation day 15,cell type: differentiating iPSC-derived cardiomyocytes",15,"Embryonic"
"GSM3465407","GSE122380","18858_1","individual: 18858,time: differentiation day 1,cell type: differentiating iPSC-derived cardiomyocytes",1,"Embryonic"
"GSM3465408","GSE122380","18858_2","individual: 18858,time: differentiation day 2,cell type: differentiating iPSC-derived cardiomyocytes",2,"Embryonic"
"GSM3465409","GSE122380","18858_3","individual: 18858,time: differentiation day 3,cell type: differentiating iPSC-derived cardiomyocytes",3,"Embryonic"
"GSM3465410","GSE122380","18858_4","individual: 18858,time: differentiation day 4,cell type: differentiating iPSC-derived cardiomyocytes",4,"Embryonic"
"GSM3465411","GSE122380","18858_5","individual: 18858,time: differentiation day 5,cell type: differentiating iPSC-derived cardiomyocytes",5,"Embryonic"
"GSM3465412","GSE122380","18858_6","individual: 18858,time: differentiation day 6,cell type: differentiating iPSC-derived cardiomyocytes",6,"Embryonic"
"GSM3465413","GSE122380","18858_7","individual: 18858,time: differentiation day 7,cell type: differentiating iPSC-derived cardiomyocytes",7,"Embryonic"
"GSM3465414","GSE122380","18858_8","individual: 18858,time: differentiation day 8,cell type: differentiating iPSC-derived cardiomyocytes",8,"Embryonic"
"GSM3465415","GSE122380","18858_9","individual: 18858,time: differentiation day 9,cell type: differentiating iPSC-derived cardiomyocytes",9,"Embryonic"
"GSM3465416","GSE122380","18870_0","individual: 18870,time: differentiation day 0,cell type: iPSCs",0,"Embryonic"
"GSM3465417","GSE122380","18870_10","individual: 18870,time: differentiation day 10,cell type: differentiating iPSC-derived cardiomyocytes",10,"Embryonic"
"GSM3465418","GSE122380","18870_11","individual: 18870,time: differentiation day 11,cell type: differentiating iPSC-derived cardiomyocytes",11,"Embryonic"
"GSM3465419","GSE122380","18870_12","individual: 18870,time: differentiation day 12,cell type: differentiating iPSC-derived cardiomyocytes",12,"Embryonic"
"GSM3465420","GSE122380","18870_13","individual: 18870,time: differentiation day 13,cell type: differentiating iPSC-derived cardiomyocytes",13,"Embryonic"
"GSM3465421","GSE122380","18870_14","individual: 18870,time: differentiation day 14,cell type: differentiating iPSC-derived cardiomyocytes",14,"Embryonic"
"GSM3465422","GSE122380","18870_15","individual: 18870,time: differentiation day 15,cell type: differentiating iPSC-derived cardiomyocytes",15,"Embryonic"
"GSM3465423","GSE122380","18870_1","individual: 18870,time: differentiation day 1,cell type: differentiating iPSC-derived cardiomyocytes",1,"Embryonic"
"GSM3465424","GSE122380","18870_2","individual: 18870,time: differentiation day 2,cell type: differentiating iPSC-derived cardiomyocytes",2,"Embryonic"
"GSM3465425","GSE122380","18870_3","individual: 18870,time: differentiation day 3,cell type: differentiating iPSC-derived cardiomyocytes",3,"Embryonic"
"GSM3465426","GSE122380","18870_5","individual: 18870,time: differentiation day 5,cell type: differentiating iPSC-derived cardiomyocytes",5,"Embryonic"
"GSM3465427","GSE122380","18870_6","individual: 18870,time: differentiation day 6,cell type: differentiating iPSC-derived cardiomyocytes",6,"Embryonic"
"GSM3465428","GSE122380","18870_7","individual: 18870,time: differentiation day 7,cell type: differentiating iPSC-derived cardiomyocytes",7,"Embryonic"
"GSM3465429","GSE122380","18870_8","individual: 18870,time: differentiation day 8,cell type: differentiating iPSC-derived cardiomyocytes",8,"Embryonic"
"GSM3465430","GSE122380","18870_9","individual: 18870,time: differentiation day 9,cell type: differentiating iPSC-derived cardiomyocytes",9,"Embryonic"
"GSM3465431","GSE122380","18907_0","individual: 18907,time: differentiation day 0,cell type: iPSCs",0,"Embryonic"
"GSM3465432","GSE122380","18907_10","individual: 18907,time: differentiation day 10,cell type: differentiating iPSC-derived cardiomyocytes",10,"Embryonic"
"GSM3465433","GSE122380","18907_11","individual: 18907,time: differentiation day 11,cell type: differentiating iPSC-derived cardiomyocytes",11,"Embryonic"
"GSM3465434","GSE122380","18907_12","individual: 18907,time: differentiation day 12,cell type: differentiating iPSC-derived cardiomyocytes",12,"Embryonic"
"GSM3465435","GSE122380","18907_13","individual: 18907,time: differentiation day 13,cell type: differentiating iPSC-derived cardiomyocytes",13,"Embryonic"
"GSM3465436","GSE122380","18907_14","individual: 18907,time: differentiation day 14,cell type: differentiating iPSC-derived cardiomyocytes",14,"Embryonic"
"GSM3465437","GSE122380","18907_15","individual: 18907,time: differentiation day 15,cell type: differentiating iPSC-derived cardiomyocytes",15,"Embryonic"
"GSM3465438","GSE122380","18907_1","individual: 18907,time: differentiation day 1,cell type: differentiating iPSC-derived cardiomyocytes",1,"Embryonic"
"GSM3465439","GSE122380","18907_2","individual: 18907,time: differentiation day 2,cell type: differentiating iPSC-derived cardiomyocytes",2,"Embryonic"
"GSM3465440","GSE122380","18907_3","individual: 18907,time: differentiation day 3,cell type: differentiating iPSC-derived cardiomyocytes",3,"Embryonic"
"GSM3465441","GSE122380","18907_4","individual: 18907,time: differentiation day 4,cell type: differentiating iPSC-derived cardiomyocytes",4,"Embryonic"
"GSM3465442","GSE122380","18907_5","individual: 18907,time: differentiation day 5,cell type: differentiating iPSC-derived cardiomyocytes",5,"Embryonic"
"GSM3465443","GSE122380","18907_6","individual: 18907,time: differentiation day 6,cell type: differentiating iPSC-derived cardiomyocytes",6,"Embryonic"
"GSM3465444","GSE122380","18907_7","individual: 18907,time: differentiation day 7,cell type: differentiating iPSC-derived cardiomyocytes",7,"Embryonic"
"GSM3465445","GSE122380","18907_8","individual: 18907,time: differentiation day 8,cell type: differentiating iPSC-derived cardiomyocytes",8,"Embryonic"
"GSM3465446","GSE122380","18907_9","individual: 18907,time: differentiation day 9,cell type: differentiating iPSC-derived cardiomyocytes",9,"Embryonic"
"GSM3465447","GSE122380","18912_0","individual: 18912,time: differentiation day 0,cell type: iPSCs",0,"Embryonic"
"GSM3465448","GSE122380","18912_10","individual: 18912,time: differentiation day 10,cell type: differentiating iPSC-derived cardiomyocytes",10,"Embryonic"
"GSM3465449","GSE122380","18912_11","individual: 18912,time: differentiation day 11,cell type: differentiating iPSC-derived cardiomyocytes",11,"Embryonic"
"GSM3465450","GSE122380","18912_12","individual: 18912,time: differentiation day 12,cell type: differentiating iPSC-derived cardiomyocytes",12,"Embryonic"
"GSM3465451","GSE122380","18912_13","individual: 18912,time: differentiation day 13,cell type: differentiating iPSC-derived cardiomyocytes",13,"Embryonic"
"GSM3465452","GSE122380","18912_14","individual: 18912,time: differentiation day 14,cell type: differentiating iPSC-derived cardiomyocytes",14,"Embryonic"
"GSM3465453","GSE122380","18912_15","individual: 18912,time: differentiation day 15,cell type: differentiating iPSC-derived cardiomyocytes",15,"Embryonic"
"GSM3465454","GSE122380","18912_1","individual: 18912,time: differentiation day 1,cell type: differentiating iPSC-derived cardiomyocytes",1,"Embryonic"
"GSM3465455","GSE122380","18912_2","individual: 18912,time: differentiation day 2,cell type: differentiating iPSC-derived cardiomyocytes",2,"Embryonic"
"GSM3465456","GSE122380","18912_3","individual: 18912,time: differentiation day 3,cell type: differentiating iPSC-derived cardiomyocytes",3,"Embryonic"
"GSM3465457","GSE122380","18912_4","individual: 18912,time: differentiation day 4,cell type: differentiating iPSC-derived cardiomyocytes",4,"Embryonic"
"GSM3465458","GSE122380","18912_5","individual: 18912,time: differentiation day 5,cell type: differentiating iPSC-derived cardiomyocytes",5,"Embryonic"
"GSM3465459","GSE122380","18912_6","individual: 18912,time: differentiation day 6,cell type: differentiating iPSC-derived cardiomyocytes",6,"Embryonic"
"GSM3465460","GSE122380","18912_7","individual: 18912,time: differentiation day 7,cell type: differentiating iPSC-derived cardiomyocytes",7,"Embryonic"
"GSM3465461","GSE122380","18912_8","individual: 18912,time: differentiation day 8,cell type: differentiating iPSC-derived cardiomyocytes",8,"Embryonic"
"GSM3465462","GSE122380","18912_9","individual: 18912,time: differentiation day 9,cell type: differentiating iPSC-derived cardiomyocytes",9,"Embryonic"
"GSM3465463","GSE122380","19093_0","individual: 19093,time: differentiation day 0,cell type: iPSCs",0,"Embryonic"
"GSM3465464","GSE122380","19093_10","individual: 19093,time: differentiation day 10,cell type: differentiating iPSC-derived cardiomyocytes",10,"Embryonic"
"GSM3465465","GSE122380","19093_11","individual: 19093,time: differentiation day 11,cell type: differentiating iPSC-derived cardiomyocytes",11,"Embryonic"
"GSM3465466","GSE122380","19093_12","individual: 19093,time: differentiation day 12,cell type: differentiating iPSC-derived cardiomyocytes",12,"Embryonic"
"GSM3465467","GSE122380","19093_13","individual: 19093,time: differentiation day 13,cell type: differentiating iPSC-derived cardiomyocytes",13,"Embryonic"
"GSM3465468","GSE122380","19093_14","individual: 19093,time: differentiation day 14,cell type: differentiating iPSC-derived cardiomyocytes",14,"Embryonic"
"GSM3465469","GSE122380","19093_15","individual: 19093,time: differentiation day 15,cell type: differentiating iPSC-derived cardiomyocytes",15,"Embryonic"
"GSM3465470","GSE122380","19093_1","individual: 19093,time: differentiation day 1,cell type: differentiating iPSC-derived cardiomyocytes",1,"Embryonic"
"GSM3465471","GSE122380","19093_2","individual: 19093,time: differentiation day 2,cell type: differentiating iPSC-derived cardiomyocytes",2,"Embryonic"
"GSM3465472","GSE122380","19093_3","individual: 19093,time: differentiation day 3,cell type: differentiating iPSC-derived cardiomyocytes",3,"Embryonic"
"GSM3465473","GSE122380","19093_4","individual: 19093,time: differentiation day 4,cell type: differentiating iPSC-derived cardiomyocytes",4,"Embryonic"
"GSM3465474","GSE122380","19093_5","individual: 19093,time: differentiation day 5,cell type: differentiating iPSC-derived cardiomyocytes",5,"Embryonic"
"GSM3465475","GSE122380","19093_6","individual: 19093,time: differentiation day 6,cell type: differentiating iPSC-derived cardiomyocytes",6,"Embryonic"
"GSM3465476","GSE122380","19093_7","individual: 19093,time: differentiation day 7,cell type: differentiating iPSC-derived cardiomyocytes",7,"Embryonic"
"GSM3465477","GSE122380","19093_8","individual: 19093,time: differentiation day 8,cell type: differentiating iPSC-derived cardiomyocytes",8,"Embryonic"
"GSM3465478","GSE122380","19093_9","individual: 19093,time: differentiation day 9,cell type: differentiating iPSC-derived cardiomyocytes",9,"Embryonic"
"GSM3465479","GSE122380","19108_0","individual: 19108,time: differentiation day 0,cell type: iPSCs",0,"Embryonic"
"GSM3465480","GSE122380","19108_10","individual: 19108,time: differentiation day 10,cell type: differentiating iPSC-derived cardiomyocytes",10,"Embryonic"
"GSM3465481","GSE122380","19108_11","individual: 19108,time: differentiation day 11,cell type: differentiating iPSC-derived cardiomyocytes",11,"Embryonic"
"GSM3465482","GSE122380","19108_12","individual: 19108,time: differentiation day 12,cell type: differentiating iPSC-derived cardiomyocytes",12,"Embryonic"
"GSM3465483","GSE122380","19108_13","individual: 19108,time: differentiation day 13,cell type: differentiating iPSC-derived cardiomyocytes",13,"Embryonic"
"GSM3465484","GSE122380","19108_14","individual: 19108,time: differentiation day 14,cell type: differentiating iPSC-derived cardiomyocytes",14,"Embryonic"
"GSM3465485","GSE122380","19108_15","individual: 19108,time: differentiation day 15,cell type: differentiating iPSC-derived cardiomyocytes",15,"Embryonic"
"GSM3465486","GSE122380","19108_1","individual: 19108,time: differentiation day 1,cell type: differentiating iPSC-derived cardiomyocytes",1,"Embryonic"
"GSM3465487","GSE122380","19108_2","individual: 19108,time: differentiation day 2,cell type: differentiating iPSC-derived cardiomyocytes",2,"Embryonic"
"GSM3465488","GSE122380","19108_3","individual: 19108,time: differentiation day 3,cell type: differentiating iPSC-derived cardiomyocytes",3,"Embryonic"
"GSM3465489","GSE122380","19108_5","individual: 19108,time: differentiation day 5,cell type: differentiating iPSC-derived cardiomyocytes",5,"Embryonic"
"GSM3465490","GSE122380","19108_6","individual: 19108,time: differentiation day 6,cell type: differentiating iPSC-derived cardiomyocytes",6,"Embryonic"
"GSM3465491","GSE122380","19108_7","individual: 19108,time: differentiation day 7,cell type: differentiating iPSC-derived cardiomyocytes",7,"Embryonic"
"GSM3465492","GSE122380","19108_8","individual: 19108,time: differentiation day 8,cell type: differentiating iPSC-derived cardiomyocytes",8,"Embryonic"
"GSM3465493","GSE122380","19108_9","individual: 19108,time: differentiation day 9,cell type: differentiating iPSC-derived cardiomyocytes",9,"Embryonic"
"GSM3465494","GSE122380","19127_0","individual: 19127,time: differentiation day 0,cell type: iPSCs",0,"Embryonic"
"GSM3465495","GSE122380","19127_10","individual: 19127,time: differentiation day 10,cell type: differentiating iPSC-derived cardiomyocytes",10,"Embryonic"
"GSM3465496","GSE122380","19127_11","individual: 19127,time: differentiation day 11,cell type: differentiating iPSC-derived cardiomyocytes",11,"Embryonic"
"GSM3465497","GSE122380","19127_12","individual: 19127,time: differentiation day 12,cell type: differentiating iPSC-derived cardiomyocytes",12,"Embryonic"
"GSM3465498","GSE122380","19127_13","individual: 19127,time: differentiation day 13,cell type: differentiating iPSC-derived cardiomyocytes",13,"Embryonic"
"GSM3465499","GSE122380","19127_14","individual: 19127,time: differentiation day 14,cell type: differentiating iPSC-derived cardiomyocytes",14,"Embryonic"
"GSM3465500","GSE122380","19127_15","individual: 19127,time: differentiation day 15,cell type: differentiating iPSC-derived cardiomyocytes",15,"Embryonic"
"GSM3465501","GSE122380","19127_1","individual: 19127,time: differentiation day 1,cell type: differentiating iPSC-derived cardiomyocytes",1,"Embryonic"
"GSM3465502","GSE122380","19127_2","individual: 19127,time: differentiation day 2,cell type: differentiating iPSC-derived cardiomyocytes",2,"Embryonic"
"GSM3465503","GSE122380","19127_3","individual: 19127,time: differentiation day 3,cell type: differentiating iPSC-derived cardiomyocytes",3,"Embryonic"
"GSM3465504","GSE122380","19127_4","individual: 19127,time: differentiation day 4,cell type: differentiating iPSC-derived cardiomyocytes",4,"Embryonic"
"GSM3465505","GSE122380","19127_5","individual: 19127,time: differentiation day 5,cell type: differentiating iPSC-derived cardiomyocytes",5,"Embryonic"
"GSM3465506","GSE122380","19127_6","individual: 19127,time: differentiation day 6,cell type: differentiating iPSC-derived cardiomyocytes",6,"Embryonic"
"GSM3465507","GSE122380","19127_7","individual: 19127,time: differentiation day 7,cell type: differentiating iPSC-derived cardiomyocytes",7,"Embryonic"
"GSM3465508","GSE122380","19127_8","individual: 19127,time: differentiation day 8,cell type: differentiating iPSC-derived cardiomyocytes",8,"Embryonic"
"GSM3465509","GSE122380","19127_9","individual: 19127,time: differentiation day 9,cell type: differentiating iPSC-derived cardiomyocytes",9,"Embryonic"
"GSM3465510","GSE122380","19159_0","individual: 19159,time: differentiation day 0,cell type: iPSCs",0,"Embryonic"
"GSM3465511","GSE122380","19159_10","individual: 19159,time: differentiation day 10,cell type: differentiating iPSC-derived cardiomyocytes",10,"Embryonic"
"GSM3465512","GSE122380","19159_11","individual: 19159,time: differentiation day 11,cell type: differentiating iPSC-derived cardiomyocytes",11,"Embryonic"
"GSM3465513","GSE122380","19159_12","individual: 19159,time: differentiation day 12,cell type: differentiating iPSC-derived cardiomyocytes",12,"Embryonic"
"GSM3465514","GSE122380","19159_13","individual: 19159,time: differentiation day 13,cell type: differentiating iPSC-derived cardiomyocytes",13,"Embryonic"
"GSM3465515","GSE122380","19159_14","individual: 19159,time: differentiation day 14,cell type: differentiating iPSC-derived cardiomyocytes",14,"Embryonic"
"GSM3465516","GSE122380","19159_15","individual: 19159,time: differentiation day 15,cell type: differentiating iPSC-derived cardiomyocytes",15,"Embryonic"
"GSM3465517","GSE122380","19159_1","individual: 19159,time: differentiation day 1,cell type: differentiating iPSC-derived cardiomyocytes",1,"Embryonic"
"GSM3465518","GSE122380","19159_2","individual: 19159,time: differentiation day 2,cell type: differentiating iPSC-derived cardiomyocytes",2,"Embryonic"
"GSM3465519","GSE122380","19159_3","individual: 19159,time: differentiation day 3,cell type: differentiating iPSC-derived cardiomyocytes",3,"Embryonic"
"GSM3465520","GSE122380","19159_4","individual: 19159,time: differentiation day 4,cell type: differentiating iPSC-derived cardiomyocytes",4,"Embryonic"
"GSM3465521","GSE122380","19159_5","individual: 19159,time: differentiation day 5,cell type: differentiating iPSC-derived cardiomyocytes",5,"Embryonic"
"GSM3465522","GSE122380","19159_6","individual: 19159,time: differentiation day 6,cell type: differentiating iPSC-derived cardiomyocytes",6,"Embryonic"
"GSM3465523","GSE122380","19159_7","individual: 19159,time: differentiation day 7,cell type: differentiating iPSC-derived cardiomyocytes",7,"Embryonic"
"GSM3465524","GSE122380","19159_8","individual: 19159,time: differentiation day 8,cell type: differentiating iPSC-derived cardiomyocytes",8,"Embryonic"
"GSM3465525","GSE122380","19159_9","individual: 19159,time: differentiation day 9,cell type: differentiating iPSC-derived cardiomyocytes",9,"Embryonic"
"GSM3465526","GSE122380","19190_0","individual: 19190,time: differentiation day 0,cell type: iPSCs",0,"Embryonic"
"GSM3465527","GSE122380","19190_10","individual: 19190,time: differentiation day 10,cell type: differentiating iPSC-derived cardiomyocytes",10,"Embryonic"
"GSM3465528","GSE122380","19190_11","individual: 19190,time: differentiation day 11,cell type: differentiating iPSC-derived cardiomyocytes",11,"Embryonic"
"GSM3465529","GSE122380","19190_12","individual: 19190,time: differentiation day 12,cell type: differentiating iPSC-derived cardiomyocytes",12,"Embryonic"
"GSM3465530","GSE122380","19190_13","individual: 19190,time: differentiation day 13,cell type: differentiating iPSC-derived cardiomyocytes",13,"Embryonic"
"GSM3465531","GSE122380","19190_14","individual: 19190,time: differentiation day 14,cell type: differentiating iPSC-derived cardiomyocytes",14,"Embryonic"
"GSM3465532","GSE122380","19190_15","individual: 19190,time: differentiation day 15,cell type: differentiating iPSC-derived cardiomyocytes",15,"Embryonic"
"GSM3465533","GSE122380","19190_1","individual: 19190,time: differentiation day 1,cell type: differentiating iPSC-derived cardiomyocytes",1,"Embryonic"
"GSM3465534","GSE122380","19190_2","individual: 19190,time: differentiation day 2,cell type: differentiating iPSC-derived cardiomyocytes",2,"Embryonic"
"GSM3465535","GSE122380","19190_3","individual: 19190,time: differentiation day 3,cell type: differentiating iPSC-derived cardiomyocytes",3,"Embryonic"
"GSM3465536","GSE122380","19190_4","individual: 19190,time: differentiation day 4,cell type: differentiating iPSC-derived cardiomyocytes",4,"Embryonic"
"GSM3465537","GSE122380","19190_5","individual: 19190,time: differentiation day 5,cell type: differentiating iPSC-derived cardiomyocytes",5,"Embryonic"
"GSM3465538","GSE122380","19190_6","individual: 19190,time: differentiation day 6,cell type: differentiating iPSC-derived cardiomyocytes",6,"Embryonic"
"GSM3465539","GSE122380","19190_7","individual: 19190,time: differentiation day 7,cell type: differentiating iPSC-derived cardiomyocytes",7,"Embryonic"
"GSM3465540","GSE122380","19190_8","individual: 19190,time: differentiation day 8,cell type: differentiating iPSC-derived cardiomyocytes",8,"Embryonic"
"GSM3465541","GSE122380","19190_9","individual: 19190,time: differentiation day 9,cell type: differentiating iPSC-derived cardiomyocytes",9,"Embryonic"
"GSM3465542","GSE122380","19193_0","individual: 19193,time: differentiation day 0,cell type: iPSCs",0,"Embryonic"
"GSM3465543","GSE122380","19193_10","individual: 19193,time: differentiation day 10,cell type: differentiating iPSC-derived cardiomyocytes",10,"Embryonic"
"GSM3465544","GSE122380","19193_11","individual: 19193,time: differentiation day 11,cell type: differentiating iPSC-derived cardiomyocytes",11,"Embryonic"
"GSM3465545","GSE122380","19193_12","individual: 19193,time: differentiation day 12,cell type: differentiating iPSC-derived cardiomyocytes",12,"Embryonic"
"GSM3465546","GSE122380","19193_13","individual: 19193,time: differentiation day 13,cell type: differentiating iPSC-derived cardiomyocytes",13,"Embryonic"
"GSM3465547","GSE122380","19193_14","individual: 19193,time: differentiation day 14,cell type: differentiating iPSC-derived cardiomyocytes",14,"Embryonic"
"GSM3465548","GSE122380","19193_15","individual: 19193,time: differentiation day 15,cell type: differentiating iPSC-derived cardiomyocytes",15,"Embryonic"
"GSM3465549","GSE122380","19193_1","individual: 19193,time: differentiation day 1,cell type: differentiating iPSC-derived cardiomyocytes",1,"Embryonic"
"GSM3465550","GSE122380","19193_2","individual: 19193,time: differentiation day 2,cell type: differentiating iPSC-derived cardiomyocytes",2,"Embryonic"
"GSM3465551","GSE122380","19193_3","individual: 19193,time: differentiation day 3,cell type: differentiating iPSC-derived cardiomyocytes",3,"Embryonic"
"GSM3465552","GSE122380","19193_5","individual: 19193,time: differentiation day 5,cell type: differentiating iPSC-derived cardiomyocytes",5,"Embryonic"
"GSM3465553","GSE122380","19193_6","individual: 19193,time: differentiation day 6,cell type: differentiating iPSC-derived cardiomyocytes",6,"Embryonic"
"GSM3465554","GSE122380","19193_7","individual: 19193,time: differentiation day 7,cell type: differentiating iPSC-derived cardiomyocytes",7,"Embryonic"
"GSM3465555","GSE122380","19193_8","individual: 19193,time: differentiation day 8,cell type: differentiating iPSC-derived cardiomyocytes",8,"Embryonic"
"GSM3465556","GSE122380","19193_9","individual: 19193,time: differentiation day 9,cell type: differentiating iPSC-derived cardiomyocytes",9,"Embryonic"
"GSM3465557","GSE122380","19209_0","individual: 19209,time: differentiation day 0,cell type: iPSCs",0,"Embryonic"
"GSM3465558","GSE122380","19209_10","individual: 19209,time: differentiation day 10,cell type: differentiating iPSC-derived cardiomyocytes",10,"Embryonic"
"GSM3465559","GSE122380","19209_11","individual: 19209,time: differentiation day 11,cell type: differentiating iPSC-derived cardiomyocytes",11,"Embryonic"
"GSM3465560","GSE122380","19209_12","individual: 19209,time: differentiation day 12,cell type: differentiating iPSC-derived cardiomyocytes",12,"Embryonic"
"GSM3465561","GSE122380","19209_14","individual: 19209,time: differentiation day 14,cell type: differentiating iPSC-derived cardiomyocytes",14,"Embryonic"
"GSM3465562","GSE122380","19209_15","individual: 19209,time: differentiation day 15,cell type: differentiating iPSC-derived cardiomyocytes",15,"Embryonic"
"GSM3465563","GSE122380","19209_1","individual: 19209,time: differentiation day 1,cell type: differentiating iPSC-derived cardiomyocytes",1,"Embryonic"
"GSM3465564","GSE122380","19209_3","individual: 19209,time: differentiation day 3,cell type: differentiating iPSC-derived cardiomyocytes",3,"Embryonic"
"GSM3465565","GSE122380","19209_4","individual: 19209,time: differentiation day 4,cell type: differentiating iPSC-derived cardiomyocytes",4,"Embryonic"
"GSM3465566","GSE122380","19209_5","individual: 19209,time: differentiation day 5,cell type: differentiating iPSC-derived cardiomyocytes",5,"Embryonic"
"GSM3465567","GSE122380","19209_6","individual: 19209,time: differentiation day 6,cell type: differentiating iPSC-derived cardiomyocytes",6,"Embryonic"
"GSM3465568","GSE122380","19209_7","individual: 19209,time: differentiation day 7,cell type: differentiating iPSC-derived cardiomyocytes",7,"Embryonic"
"GSM3465569","GSE122380","19209_8","individual: 19209,time: differentiation day 8,cell type: differentiating iPSC-derived cardiomyocytes",8,"Embryonic"
"GSM3465570","GSE122380","19209_9","individual: 19209,time: differentiation day 9,cell type: differentiating iPSC-derived cardiomyocytes",9,"Embryonic"
"GSM4215858","GSE141910","C00039","etiology: Non-Failing Donor,Sex: Male,race: African American,age: 18",999,"Adult"
"GSM4215859","GSE141910","C00055","etiology: Non-Failing Donor,Sex: Male,race: African American,age: 26",999,"Adult"
"GSM4215860","GSE141910","C00074","etiology: Non-Failing Donor,Sex: Male,race: African American,age: 17",999,"Adult"
"GSM4215861","GSE141910","C00085","etiology: Non-Failing Donor,Sex: Female,race: African American,age: 59",999,"Adult"
"GSM4215862","GSE141910","C00105","etiology: Non-Failing Donor,Sex: Female,race: African American,age: 59",999,"Adult"
"GSM4215863","GSE141910","C00120","etiology: Non-Failing Donor,Sex: Male,race: Caucasian,age: 50",999,"Adult"
"GSM4215864","GSE141910","C00132","etiology: Non-Failing Donor,Sex: Male,race: African American,age: 15",999,"Adult"
"GSM4215865","GSE141910","C00158","etiology: Non-Failing Donor,Sex: Female,race: African American,age: 53",999,"Adult"
"GSM4215866","GSE141910","C00168","etiology: Non-Failing Donor,Sex: Female,race: African American,age: 62",999,"Adult"
"GSM4215867","GSE141910","C00186","etiology: Non-Failing Donor,Sex: Female,race: Caucasian,age: 16",999,"Adult"
"GSM4215868","GSE141910","C00188","etiology: Non-Failing Donor,Sex: Male,race: Caucasian,age: 51",999,"Adult"
"GSM4215869","GSE141910","C00190","etiology: Non-Failing Donor,Sex: Male,race: African American,age: 25",999,"Adult"
"GSM4215870","GSE141910","C00192","etiology: Non-Failing Donor,Sex: Male,race: Caucasian,age: 54",999,"Adult"
"GSM4215871","GSE141910","C00193","etiology: Non-Failing Donor,Sex: Female,race: Caucasian,age: 62",999,"Adult"
"GSM4215872","GSE141910","C00195","etiology: Non-Failing Donor,Sex: Male,race: Caucasian,age: 75",999,"Adult"
"GSM4215873","GSE141910","C00196","etiology: Non-Failing Donor,Sex: Female,race: Caucasian,age: 62",999,"Adult"
"GSM4215874","GSE141910","C00197","etiology: Non-Failing Donor,Sex: Male,race: Caucasian,age: 58",999,"Adult"
"GSM4215875","GSE141910","C00198","etiology: Non-Failing Donor,Sex: Male,race: Caucasian,age: 33",999,"Adult"
"GSM4215876","GSE141910","C00199","etiology: Non-Failing Donor,Sex: Female,race: Caucasian,age: 67",999,"Adult"
"GSM4215877","GSE141910","C00202","etiology: Non-Failing Donor,Sex: Female,race: Caucasian,age: 58",999,"Adult"
"GSM4215986","GSE141910","P01032","etiology: Non-Failing Donor,Sex: Male,race: African American,age: 49",999,"Adult"
"GSM4215989","GSE141910","P01052","etiology: Non-Failing Donor,Sex: Male,race: African American,age: 44",999,"Adult"
"GSM4215991","GSE141910","P01067","etiology: Non-Failing Donor,Sex: Male,race: Caucasian,age: 66",999,"Adult"
"GSM4215992","GSE141910","P01070","etiology: Non-Failing Donor,Sex: Male,race: Caucasian,age: 71",999,"Adult"
"GSM4215994","GSE141910","P01076","etiology: Non-Failing Donor,Sex: Male,race: Caucasian,age: 59",999,"Adult"
"GSM4215998","GSE141910","P01100","etiology: Non-Failing Donor,Sex: Male,race: Caucasian,age: 59",999,"Adult"
"GSM4215999","GSE141910","P01101","etiology: Non-Failing Donor,Sex: Female,race: Caucasian,age: 65",999,"Adult"
"GSM4216001","GSE141910","P01106","etiology: Non-Failing Donor,Sex: Female,race: African American,age: 65",999,"Adult"
"GSM4216004","GSE141910","P01116","etiology: Non-Failing Donor,Sex: Female,race: Caucasian,age: 69",999,"Adult"
"GSM4216005","GSE141910","P01117","etiology: Non-Failing Donor,Sex: Male,race: Caucasian,age: 61",999,"Adult"
"GSM4216007","GSE141910","P01119","etiology: Non-Failing Donor,Sex: Female,race: Caucasian,age: 52",999,"Adult"
"GSM4216008","GSE141910","P01121","etiology: Non-Failing Donor,Sex: Male,race: Caucasian,age: 33",999,"Adult"
"GSM4216009","GSE141910","P01122","etiology: Non-Failing Donor,Sex: Female,race: Caucasian,age: 51",999,"Adult"
"GSM4216010","GSE141910","P01124","etiology: Non-Failing Donor,Sex: Female,race: African American,age: 73",999,"Adult"
"GSM4216012","GSE141910","P01134","etiology: Non-Failing Donor,Sex: Female,race: Caucasian,age: 68",999,"Adult"
"GSM4216014","GSE141910","P01137","etiology: Non-Failing Donor,Sex: Male,race: African American,age: 53",999,"Adult"
"GSM4216015","GSE141910","P01140","etiology: Non-Failing Donor,Sex: Female,race: Caucasian,age: 65",999,"Adult"
"GSM4216016","GSE141910","P01146","etiology: Non-Failing Donor,Sex: Female,race: Caucasian,age: 55",999,"Adult"
"GSM4216017","GSE141910","P01151","etiology: Non-Failing Donor,Sex: Female,race: Caucasian,age: 80",999,"Adult"
"GSM4216018","GSE141910","P01155","etiology: Non-Failing Donor,Sex: Female,race: African American,age: 20",999,"Adult"
"GSM4216021","GSE141910","P01165","etiology: Non-Failing Donor,Sex: Female,race: Caucasian,age: 61",999,"Adult"
"GSM4216022","GSE141910","P01167","etiology: Non-Failing Donor,Sex: Male,race: African American,age: 51",999,"Adult"
"GSM4216024","GSE141910","P01171","etiology: Non-Failing Donor,Sex: Female,race: Caucasian,age: 65",999,"Adult"
"GSM4216025","GSE141910","P01173","etiology: Non-Failing Donor,Sex: Female,race: African American,age: 64",999,"Adult"
"GSM4216027","GSE141910","P01183","etiology: Non-Failing Donor,Sex: Male,race: Caucasian,age: 56",999,"Adult"
"GSM4216028","GSE141910","P01184","etiology: Non-Failing Donor,Sex: Female,race: Caucasian,age: 45",999,"Adult"
"GSM4216029","GSE141910","P01185","etiology: Non-Failing Donor,Sex: Male,race: Caucasian,age: 61",999,"Adult"
"GSM4216030","GSE141910","P01197","etiology: Non-Failing Donor,Sex: Male,race: Caucasian,age: 34",999,"Adult"
"GSM4216031","GSE141910","P01199","etiology: Non-Failing Donor,Sex: Female,race: Caucasian,age: 24",999,"Adult"
"GSM4216032","GSE141910","P01202","etiology: Non-Failing Donor,Sex: Male,race: Caucasian,age: 56",999,"Adult"
"GSM4216034","GSE141910","P01205","etiology: Non-Failing Donor,Sex: Male,race: African American,age: 44",999,"Adult"
"GSM4216035","GSE141910","P01206","etiology: Non-Failing Donor,Sex: Female,race: Caucasian,age: 37",999,"Adult"
"GSM4216036","GSE141910","P01207","etiology: Non-Failing Donor,Sex: Female,race: Caucasian,age: 57",999,"Adult"
"GSM4216037","GSE141910","P01208","etiology: Non-Failing Donor,Sex: Male,race: Caucasian,age: 64",999,"Adult"
"GSM4216039","GSE141910","P01211","etiology: Non-Failing Donor,Sex: Male,race: African American,age: 46",999,"Adult"
"GSM4216040","GSE141910","P01215","etiology: Non-Failing Donor,Sex: Female,race: Caucasian,age: 59",999,"Adult"
"GSM4216042","GSE141910","P01221","etiology: Non-Failing Donor,Sex: Female,race: Caucasian,age: 52",999,"Adult"
"GSM4216043","GSE141910","P01222","etiology: Non-Failing Donor,Sex: Male,race: African American,age: 44",999,"Adult"
"GSM4216044","GSE141910","P01224","etiology: Non-Failing Donor,Sex: Male,race: African American,age: 59",999,"Adult"
"GSM4216045","GSE141910","P01226","etiology: Non-Failing Donor,Sex: Male,race: Caucasian,age: 42",999,"Adult"
"GSM4216047","GSE141910","P01233","etiology: Non-Failing Donor,Sex: Male,race: African American,age: 48",999,"Adult"
"GSM4216048","GSE141910","P01238","etiology: Non-Failing Donor,Sex: Female,race: Caucasian,age: 67",999,"Adult"
"GSM4216049","GSE141910","P01241","etiology: Non-Failing Donor,Sex: Female,race: African American,age: 50",999,"Adult"
"GSM4216050","GSE141910","P01245","etiology: Non-Failing Donor,Sex: Male,race: Caucasian,age: 56",999,"Adult"
"GSM4216053","GSE141910","P01248","etiology: Non-Failing Donor,Sex: Male,race: Caucasian,age: 56",999,"Adult"
"GSM4216054","GSE141910","P01252","etiology: Non-Failing Donor,Sex: Male,race: Caucasian,age: 62",999,"Adult"
"GSM4216056","GSE141910","P01259","etiology: Non-Failing Donor,Sex: Male,race: Caucasian,age: 58",999,"Adult"
"GSM4216061","GSE141910","P01279","etiology: Non-Failing Donor,Sex: Female,race: Caucasian,age: 56",999,"Adult"
"GSM4216063","GSE141910","P01287","etiology: Non-Failing Donor,Sex: Female,race: Caucasian,age: 78",999,"Adult"
"GSM4216069","GSE141910","P01294","etiology: Non-Failing Donor,Sex: Male,race: Caucasian,age: 53",999,"Adult"
"GSM4216070","GSE141910","P01296","etiology: Non-Failing Donor,Sex: Female,race: Caucasian,age: 57",999,"Adult"
"GSM4216075","GSE141910","P01307","etiology: Non-Failing Donor,Sex: Male,race: Caucasian,age: 59",999,"Adult"
"GSM4216077","GSE141910","P01310","etiology: Non-Failing Donor,Sex: Male,race: African American,age: 56",999,"Adult"
"GSM4216081","GSE141910","P01323","etiology: Non-Failing Donor,Sex: Female,race: Caucasian,age: 67",999,"Adult"
"GSM4216082","GSE141910","P01325","etiology: Non-Failing Donor,Sex: Male,race: Caucasian,age: 53",999,"Adult"
"GSM4216083","GSE141910","P01329","etiology: Non-Failing Donor,Sex: Female,race: Caucasian,age: 66",999,"Adult"
"GSM4216084","GSE141910","P01330","etiology: Non-Failing Donor,Sex: Male,race: Caucasian,age: 58",999,"Adult"
"GSM4216085","GSE141910","P01334","etiology: Non-Failing Donor,Sex: Female,race: Caucasian,age: 77",999,"Adult"
"GSM4216086","GSE141910","P01337","etiology: Non-Failing Donor,Sex: Female,race: Caucasian,age: 74",999,"Adult"
"GSM4216087","GSE141910","P01339","etiology: Non-Failing Donor,Sex: Male,race: Caucasian,age: 36",999,"Adult"
"GSM4216089","GSE141910","P01347","etiology: Non-Failing Donor,Sex: Female,race: Caucasian,age: 57",999,"Adult"
"GSM4216090","GSE141910","P01348","etiology: Non-Failing Donor,Sex: Female,race: Caucasian,age: 68",999,"Adult"
"GSM4216093","GSE141910","P01354","etiology: Non-Failing Donor,Sex: Female,race: African American,age: 65",999,"Adult"
"GSM4216094","GSE141910","P01356","etiology: Non-Failing Donor,Sex: Female,race: Caucasian,age: 51",999,"Adult"
"GSM4216095","GSE141910","P01357","etiology: Non-Failing Donor,Sex: Male,race: Caucasian,age: 75",999,"Adult"
"GSM4216097","GSE141910","P01359","etiology: Non-Failing Donor,Sex: Female,race: African American,age: 52",999,"Adult"
"GSM4216098","GSE141910","P01360","etiology: Non-Failing Donor,Sex: Female,race: Caucasian,age: 75",999,"Adult"
"GSM4216099","GSE141910","P01362","etiology: Non-Failing Donor,Sex: Male,race: Caucasian,age: 51",999,"Adult"
"GSM4216100","GSE141910","P01365","etiology: Non-Failing Donor,Sex: Male,race: Caucasian,age: 69",999,"Adult"
"GSM4216101","GSE141910","P01367","etiology: Non-Failing Donor,Sex: Female,race: African American,age: 56",999,"Adult"
"GSM4216102","GSE141910","P01369","etiology: Non-Failing Donor,Sex: Female,race: Caucasian,age: 75",999,"Adult"
"GSM4216104","GSE141910","P01374","etiology: Non-Failing Donor,Sex: Female,race: Caucasian,age: 60",999,"Adult"
"GSM4216105","GSE141910","P01375","etiology: Non-Failing Donor,Sex: Male,race: African American,age: 41",999,"Adult"
"GSM4216106","GSE141910","P01377","etiology: Non-Failing Donor,Sex: Male,race: Caucasian,age: 77",999,"Adult"
"GSM4216108","GSE141910","P01380","etiology: Non-Failing Donor,Sex: Female,race: Caucasian,age: 59",999,"Adult"
"GSM4216109","GSE141910","P01381","etiology: Non-Failing Donor,Sex: Male,race: Caucasian,age: 44",999,"Adult"
"GSM4216110","GSE141910","P01383","etiology: Non-Failing Donor,Sex: Male,race: Caucasian,age: 59",999,"Adult"
"GSM4216111","GSE141910","P01385","etiology: Non-Failing Donor,Sex: Male,race: Caucasian,age: 38",999,"Adult"
"GSM4216112","GSE141910","P01387","etiology: Non-Failing Donor,Sex: Female,race: Caucasian,age: 53",999,"Adult"
"GSM4216113","GSE141910","P01388","etiology: Non-Failing Donor,Sex: Male,race: Caucasian,age: 51",999,"Adult"
"GSM4216114","GSE141910","P01396","etiology: Non-Failing Donor,Sex: Male,race: Caucasian,age: 46",999,"Adult"
"GSM4216115","GSE141910","P01397","etiology: Non-Failing Donor,Sex: Female,race: African American,age: 38",999,"Adult"
"GSM4216116","GSE141910","P01400","etiology: Non-Failing Donor,Sex: Female,race: Caucasian,age: 22",999,"Adult"
"GSM4216118","GSE141910","P01404","etiology: Non-Failing Donor,Sex: Female,race: Caucasian,age: 50",999,"Adult"
"GSM4216119","GSE141910","P01406","etiology: Non-Failing Donor,Sex: Female,race: Caucasian,age: 51",999,"Adult"
"GSM4216120","GSE141910","P01412","etiology: Non-Failing Donor,Sex: Female,race: Caucasian,age: 49",999,"Adult"
"GSM4216121","GSE141910","P01413","etiology: Non-Failing Donor,Sex: Female,race: Caucasian,age: 57",999,"Adult"
"GSM4216122","GSE141910","P01414","etiology: Non-Failing Donor,Sex: Male,race: African American,age: 74",999,"Adult"
"GSM4216123","GSE141910","P01420","etiology: Non-Failing Donor,Sex: Female,race: African American,age: 64",999,"Adult"
"GSM4216124","GSE141910","P01421","etiology: Non-Failing Donor,Sex: Female,race: African American,age: 58",999,"Adult"
"GSM4216129","GSE141910","P01436","etiology: Non-Failing Donor,Sex: Female,race: African American,age: 57",999,"Adult"
"GSM4216131","GSE141910","P01440","etiology: Non-Failing Donor,Sex: Female,race: Caucasian,age: 74",999,"Adult"
"GSM4216132","GSE141910","P01444","etiology: Non-Failing Donor,Sex: Male,race: Caucasian,age: 53",999,"Adult"
"GSM4216134","GSE141910","P01452","etiology: Non-Failing Donor,Sex: Female,race: Caucasian,age: 47",999,"Adult"
"GSM4216135","GSE141910","P01454","etiology: Non-Failing Donor,Sex: Female,race: Caucasian,age: 63",999,"Adult"
"GSM4216136","GSE141910","P01457","etiology: Non-Failing Donor,Sex: Female,race: African American,age: 71",999,"Adult"
"GSM4216138","GSE141910","P01463","etiology: Non-Failing Donor,Sex: Female,race: Caucasian,age: 83",999,"Adult"
"GSM4216139","GSE141910","P01465","etiology: Non-Failing Donor,Sex: Male,race: Caucasian,age: 58",999,"Adult"
"GSM4216141","GSE141910","P01469","etiology: Non-Failing Donor,Sex: Female,race: African American,age: 52",999,"Adult"
"GSM4216142","GSE141910","P01471","etiology: Non-Failing Donor,Sex: Female,race: Caucasian,age: 55",999,"Adult"
"GSM4216144","GSE141910","P01473","etiology: Non-Failing Donor,Sex: Male,race: African American,age: 47",999,"Adult"
"GSM4216146","GSE141910","P01481","etiology: Non-Failing Donor,Sex: Female,race: African American,age: 76",999,"Adult"
"GSM4216147","GSE141910","P01485","etiology: Non-Failing Donor,Sex: Male,race: Caucasian,age: 78",999,"Adult"
"GSM4216148","GSE141910","P01488","etiology: Non-Failing Donor,Sex: Male,race: Caucasian,age: 81",999,"Adult"
"GSM4216149","GSE141910","P01490","etiology: Non-Failing Donor,Sex: Female,race: Caucasian,age: 71",999,"Adult"
"GSM4216150","GSE141910","P01492","etiology: Non-Failing Donor,Sex: Male,race: Caucasian,age: 60",999,"Adult"
"GSM4216151","GSE141910","P01497","etiology: Non-Failing Donor,Sex: Female,race: African American,age: 53",999,"Adult"
"GSM4216152","GSE141910","P01498","etiology: Non-Failing Donor,Sex: Female,race: Caucasian,age: 73",999,"Adult"
"GSM4216153","GSE141910","P01500","etiology: Non-Failing Donor,Sex: Female,race: African American,age: 56",999,"Adult"
"GSM4216154","GSE141910","P01503","etiology: Non-Failing Donor,Sex: Male,race: African American,age: 25",999,"Adult"
"GSM4216156","GSE141910","P01507","etiology: Non-Failing Donor,Sex: Female,race: Caucasian,age: 51",999,"Adult"
"GSM4216160","GSE141910","P01513","etiology: Non-Failing Donor,Sex: Female,race: Caucasian,age: 75",999,"Adult"
"GSM4216161","GSE141910","P01515","etiology: Non-Failing Donor,Sex: Female,race: Caucasian,age: 54",999,"Adult"
"GSM4216162","GSE141910","P01516","etiology: Non-Failing Donor,Sex: Female,race: Caucasian,age: 66",999,"Adult"
"GSM4216163","GSE141910","P01521","etiology: Non-Failing Donor,Sex: Male,race: Caucasian,age: 65",999,"Adult"
"GSM4216164","GSE141910","P01528","etiology: Non-Failing Donor,Sex: Female,race: Caucasian,age: 52",999,"Adult"
"GSM4216169","GSE141910","P01539","etiology: Non-Failing Donor,Sex: Female,race: Caucasian,age: 47",999,"Adult"
"GSM4216170","GSE141910","P01540","etiology: Non-Failing Donor,Sex: Female,race: Caucasian,age: 72",999,"Adult"
"GSM4216171","GSE141910","P01543","etiology: Non-Failing Donor,Sex: Male,race: Caucasian,age: 69",999,"Adult"
"GSM4216172","GSE141910","P01545","etiology: Non-Failing Donor,Sex: Male,race: Caucasian,age: 44",999,"Adult"
"GSM4216173","GSE141910","P01547","etiology: Non-Failing Donor,Sex: Female,race: Caucasian,age: 62",999,"Adult"
"GSM4216174","GSE141910","P01549","etiology: Non-Failing Donor,Sex: Male,race: Caucasian,age: 49",999,"Adult"
"GSM4216175","GSE141910","P01556","etiology: Non-Failing Donor,Sex: Male,race: Caucasian,age: 57",999,"Adult"
"GSM4216176","GSE141910","P01558","etiology: Non-Failing Donor,Sex: Female,race: Caucasian,age: 58",999,"Adult"
"GSM4216177","GSE141910","P01559","etiology: Non-Failing Donor,Sex: Female,race: Caucasian,age: 60",999,"Adult"
"GSM4216178","GSE141910","P01561","etiology: Non-Failing Donor,Sex: Male,race: Caucasian,age: 65",999,"Adult"
"GSM4216179","GSE141910","P01562","etiology: Non-Failing Donor,Sex: Male,race: Caucasian,age: 67",999,"Adult"
"GSM4216184","GSE141910","P01578","etiology: Non-Failing Donor,Sex: Male,race: African American,age: 52",999,"Adult"
"GSM4216185","GSE141910","P01580","etiology: Non-Failing Donor,Sex: Male,race: African American,age: 35",999,"Adult"
"GSM4216186","GSE141910","P01581","etiology: Non-Failing Donor,Sex: Female,race: African American,age: 66",999,"Adult"
"GSM4216187","GSE141910","P01582","etiology: Non-Failing Donor,Sex: Female,race: Caucasian,age: 58",999,"Adult"
"GSM4216188","GSE141910","P01584","etiology: Non-Failing Donor,Sex: Male,race: Caucasian,age: 22",999,"Adult"
"GSM4216190","GSE141910","P01588","etiology: Non-Failing Donor,Sex: Male,race: Caucasian,age: 69",999,"Adult"
"GSM4216192","GSE141910","P01591","etiology: Non-Failing Donor,Sex: Female,race: Caucasian,age: 69",999,"Adult"
"GSM4216194","GSE141910","P01593","etiology: Non-Failing Donor,Sex: Male,race: Caucasian,age: 57",999,"Adult"
"GSM4216195","GSE141910","P01595","etiology: Non-Failing Donor,Sex: Male,race: Caucasian,age: 40",999,"Adult"
"GSM4216198","GSE141910","P01600","etiology: Non-Failing Donor,Sex: Female,race: Caucasian,age: 51",999,"Adult"
"GSM4216200","GSE141910","P01603","etiology: Non-Failing Donor,Sex: Female,race: Caucasian,age: 69",999,"Adult"
"GSM4216205","GSE141910","P01610","etiology: Non-Failing Donor,Sex: Female,race: Caucasian,age: 63",999,"Adult"
"GSM4216208","GSE141910","P01616","etiology: Non-Failing Donor,Sex: Male,race: Caucasian,age: 75",999,"Adult"
"GSM4216211","GSE141910","P01621","etiology: Non-Failing Donor,Sex: Female,race: Caucasian,age: 54",999,"Adult"
"GSM4216212","GSE141910","P01622","etiology: Non-Failing Donor,Sex: Male,race: Caucasian,age: 56",999,"Adult"
"GSM4216213","GSE141910","P01623","etiology: Non-Failing Donor,Sex: Male,race: Caucasian,age: 62",999,"Adult"
"GSM4216214","GSE141910","P01626","etiology: Non-Failing Donor,Sex: Female,race: Caucasian,age: 54",999,"Adult"
"GSM4216216","GSE141910","P01628","etiology: Non-Failing Donor,Sex: Male,race: Caucasian,age: 52",999,"Adult"
"GSM4216224","GSE141910","P01635","etiology: Non-Failing Donor,Sex: Female,race: African American,age: 62",999,"Adult"
"GSM2264834","GSE85331,GSE85332","C15_0_1_RNA-seq","cell type: hiPS cell,cell line: C15,differentiation time (days): 0",0,"Embryonic"
"GSM2264836","GSE85331,GSE85332","C15_2_1_RNA-seq","cell type: hiPSC-derived cells,cell line: C15,differentiation time (days): 2",2,"Embryonic"
"GSM2264837","GSE85331,GSE85332","C15_2_2_RNA-seq","cell type: hiPSC-derived cells,cell line: C15,differentiation time (days): 2",2,"Embryonic"
"GSM2264838","GSE85331,GSE85332","C15_4_1_RNA-seq","cell type: hiPSC-derived cells,cell line: C15,differentiation time (days): 4",4,"Embryonic"
"GSM2264839","GSE85331,GSE85332","C15_4_2_RNA-seq","cell type: hiPSC-derived cells,cell line: C15,differentiation time (days): 4",4,"Embryonic"
"GSM2264840","GSE85331,GSE85332","C15_30_1_RNA-seq","cell type: hiPSC-derived cells,cell line: C15,differentiation time (days): 30",30,"Maturing"
"GSM2264841","GSE85331,GSE85332","C15_30_2_RNA-seq","cell type: hiPSC-derived cells,cell line: C15,differentiation time (days): 30",30,"Maturing"
"GSM2264842","GSE85331,GSE85332","C20_0_1_RNA-seq","cell type: hiPS cell,cell line: C20,differentiation time (days): 0",0,"Embryonic"
"GSM2264843","GSE85331,GSE85332","C20_0_2_RNA-seq","cell type: hiPS cell,cell line: C20,differentiation time (days): 0",0,"Embryonic"
"GSM2264844","GSE85331,GSE85332","C20_2_1_RNA-seq","cell type: hiPSC-derived cells,cell line: C20,differentiation time (days): 2",2,"Embryonic"
"GSM2264845","GSE85331,GSE85332","C20_2_2_RNA-seq","cell type: hiPSC-derived cells,cell line: C20,differentiation time (days): 2",2,"Embryonic"
"GSM2264846","GSE85331,GSE85332","C20_4_1_RNA-seq","cell type: hiPSC-derived cells,cell line: C20,differentiation time (days): 4",4,"Embryonic"
"GSM2264847","GSE85331,GSE85332","C20_4_2_RNA-seq","cell type: hiPSC-derived cells,cell line: C20,differentiation time (days): 4",4,"Embryonic"
"GSM2264848","GSE85331,GSE85332","C20_30_1_RNA-seq","cell type: hiPSC-derived cells,cell line: C20,differentiation time (days): 30",30,"Maturing"
"GSM2264849","GSE85331,GSE85332","C20_30_2_RNA-seq","cell type: hiPSC-derived cells,cell line: C20,differentiation time (days): 30",30,"Maturing"
"GSM2264850","GSE85331,GSE85332","H1_0_1_RNA-seq","cell type: hESC,cell line: H1,differentiation time (days): 0",0,"Embryonic"
"GSM2264857","GSE85331,GSE85332","H1_30_2_RNA-seq","cell type: hESC-derived cells,cell line: H1,differentiation time (days): 30",30,"Maturing"
"GSM2264859","GSE85331,GSE85332","H9_0_2_RNA-seq","cell type: hESC,cell line: H9,differentiation time (days): 0",0,"Embryonic"
"GSM7677388","GSE239918","hESCs cells, D15, replicate 1","cell line: hESCs,cell type: Human embryonic stem cells,time: Day15",15,"Embryonic"
"GSM7677389","GSE239918","hESCs cells, D15, replicate 2","cell line: hESCs,cell type: Human embryonic stem cells,time: Day15",15,"Embryonic"
"GSM7677390","GSE239918","hESCs cells, D15, replicate 3","cell line: hESCs,cell type: Human embryonic stem cells,time: Day15",15,"Embryonic"
"GSM7677391","GSE239918","hESCs cells, D30, replicate 1","cell line: hESCs,cell type: Human embryonic stem cells,time: Day30",30,"Maturing"
"GSM7677392","GSE239918","hESCs cells, D30, replicate 2","cell line: hESCs,cell type: Human embryonic stem cells,time: Day30",30,"Maturing"
"GSM7677393","GSE239918","hESCs cells, D30, replicate 3","cell line: hESCs,cell type: Human embryonic stem cells,time: Day30",30,"Maturing"
